Input English Words, Predicted hindi Words, Actual hindi Words
sikhaaega , स्यानारी , सिखाएगा
learn , लर्न , लर्न
twitters , तविटर्स , ट्विटर्स
tirunelveli , तिरुनेलवेली , तिरुनेलवेली
independence , इंडिपेंडेंस , इंडिपेंडेंस
speshiyon , स्स्सियां , स्पेशियों
shurooh , शुररोह , शुरूः
kolhapur , काल्रेट , कोल्हापुर
ajhar , होल्र , अजहर
karaar , कर्रा , क़रार
anka , एन्स , अंक
wpd , वपड , डब्ल्यूपीडी
haashie , हियासी , हाशिए
glendale , ग्लेंडल , ग्लेंडल
udhed , उडक , उधेड़
ekthi , इकठी , इकठ्ठी
idea , आईडिया , आईडिया
ambikapur , अम्बिकापुर , अम्बिकापुर
makerere , मकेरेरेर , माकेरेरे
saboodaane , सुलाराल , साबूदाने
foohadta , फोर्लोल , फूहड़ता
sequent , सेकेन्ट , सेक्वेंट
shueb , सिलोल , शुऐब
panihati , पनिहाती , पानीहाटी
sametati , समेटती , समेटती
ukhrul , उखरुल , उखरुल
brahmlin , बुरालाला , ब्रह्मलीन
utaraadhikaaree , रिर्यानार्यार , उतराधिकारी
iqbal , खोल्क , इक़बाल
dayaalapuraa , दावावांग , दयालपुरा
sohrai , सुरे , सोहराई
takreeban , त्रोटिलाल , तक़रीबन
farrukhnagar , फ्र्रान्रांग , फर्रूखनगर
theinga , राहाना , ठेंगा
tyoiharon , ताकानाल , त्यौहारों
karneshvardhaam , कार्राक्रांक्यां , कर्णेश्वरधाम
umanath , अम्यार्या , उमानाथ
daanshil , दिवाना , दानशील
saahityotsav , सुवाप्राक , साहित्योत्सव
shantiniketan , शिंक्राक्त , शांतिनिकेतन
shikayatkarta , शिक्राप्रान , शिकायतकर्ता
andarkhane , अर्रानारी , अंदरखाने
panter , प्रेट्या , पंटर
leedaron , लोल्रेर , लीडरों
galgand , गुल्बालों , गलगंड
kaarniyaan , कारानानी , कार्नियां
murgipaalan , मुर्यारालाल , मुर्गीपालन
mushahid , मास्यांड , मुशाहिद
modules , मोल्रोल , मॉड्यूल्स
rajouri , राल्लार , रजौरी
sushrushaa , स्रास्यार , सुश्रुषा
shringaar , स्रामार्या , शृंगार
holt , होल्स , होल्ट
laigikata , लालारार , लैंगिकता
ijaajat , अल्लाल्र , इजाजत
vankshetra , विर्ट्टिंग , वनक्षेत्र
bhutal , बुराल , भूतल
swaadpremiyon , स्रार्यार्यार , स्वादप्रेमियों
nineteez , निन्रिया , नाइनटीज
frektar , फ्रोट्टोल , फ्रेक्टर
likhkar , लिन्टिर , लिखकर
eyarkandeeshnar , निक्रांग्रिंग , एयरकंडीशनर
nabz , नाज्ला , नब्ज़
quess , कोस्स , कुएस
bouni , बोयान , बौनी
kaaragujaariyaan , कार्यामानार्यान , कारगुजारियां
gaangnam , गुलावाला , गांगनाम
tapia , टीपी , तापीया
tezpur , क्रोफ्ट , तेज़पुर
talve , तोलोल , तलवे
seemaai , सियाला , सीमाई
darshnaarthi , देक्रांक्रिया , दर्शनार्थी
rivas , रेक्स , रिवास
tarkvaad , त्राक्यार्या , तर्कवाद
anusaarakaa , अन्सानारियां , अनुसारका
coachella , कानानाल , कोचेला
latakakar , लुक्रारिया , लटककर
patravaliyan , प्रावावाक्या , पत्रावलियां
parishad , प्रिटियां , परिषद
spinj , स्रेस , स्पिन्ज
anshida , निस्यार , अनशिदा
dejesus , डेल्ट्स , डिजीसस
saraaymohiuddinpur , स्रार्यार्रांग्स , सरायमोहिउद्दीनपुर
lowell , लुल्लाल , लॉवेल
capacitor , क्स्ट्टिट , कैपेसिटर
passengerjind , प्र्ट्टिलेंट , पैसेंजरजींद
granthiyon , फुरावाना , ग्रंथियों
buena , बोयान , बुएना
canterbury , क्रेर्रेलों , कैंटरबरी
kaathiyavadi , कार्यानानार , काठियावड़ी
tekchandani , त्रानानारी , टेकचंदानी
fisad , फेस्सी , फ़ीसद
beraharamee , ब्रानारा , बेरहरमी
nishkarshah , निस्राक्यास्यां , निष्कर्षः
activities , विस्रिंग , ऐक्टिविटीज
rikailleebreshan , रर्यार्राला , रिकैलीब्रेशन
shasanadhikaariyon , सिक्याक्राक्यांच , शासनाधिकारियों
fijoolkharchi , फुर्लांगर , फिजूलखर्ची
dablyoopeedee , दुर्लालार , डब्ल्यूपीडी
pace , पीएस , पेस
dastar , डेस्ट्ट , दस्तार
catlin , कोरिला , कैटलिन
joddta , बोर्रोल , जोड़ता
killat , कोल्रो , किल्लत
gruhnagar , फुर्लालार , गृहनगर
wonder , वार्र , वंडर
vatar , वेर्ट , वाटर
shving , सिवाका , श्विंग
pashtun , प्सिसियां , पश्तून
farm , फोरीएं , फार्म
dibanu , दुलाला , डिबनू
pashchamee , प्सियारिया , पश्चमी
uthapatak , विर्सिरिय , उठापटक
nilaabh , निलाला , नीलाभ
laxmeeniyaan , लास्यानार्यां , लक्ष्मीनियां
mahaanagarawaasiyon , महानावावावांची , महानगरवासियों
upneta , एप्सिलोल , उपनेता
convention , किक्यार्रिय , कन्वेंशन
sharp , सोस्टोस , शाॅर्प
kaaryayojana , कारानाना , कार्ययोजना
maas , मेस , मास
westing , एप्स्रिल , वेस्टिंग
kurvetee , कर्राल , कुर्वेती
jyaada , जिलान , ज़यादा
mukeshvari , माक्रानार , मुकेश्वरी
shrimati , सुर्राल , श्रीमति
vivekadhikaron , विर्यार्रांग , विवेकाधिकारों
loksabhavalee , लास्रानांग , लोकसभावाली
kabahaa , कालाला , कबहा
bhraantiyon , बारावावान , भ्रांतियों
vivekahin , विवाकियां , विवेकहीन
balmiki , बुलारी , बाल्मीकि
haryana , हिनानान , हरयाणा
jivraj , जिरारा , जीवराज
flynn , फुलान , फ्लिन
rana , रोया , राणा
vishnupura , विस्रांस्यां , विष्णुपुरा
ghotaalebaajon , गुर्यानारिया , घोटालेबाजों
hairatangenz , हिन्रांगेंग , हैरतअंगेज़
takaleephadeh , त्रानानार , तकलीफ़देह
peepaadh , प्रिकिय , पीपाड़
dhabhaashaaraa , दामानावारी , धभाशारा
antdiyan , अर्यारियां , अंतडियां
robin , रोलोल , राबिन
singar , सुल्रा , सिंगार
gumshudagi , गुर्यांगार , गुमशुदगी
balkrishna , बार्यास्रिया , बालकृष्ण
phabti , पोल्टोस , फब्ती
palatne , पुल्रो , पलटने
lahlahaati , लालालानाल , लहलहाती
nagaada , नाल्लार , नगाड़ा
udanen , अद्याना , उड़ानें
klein , कोला , क्लेन
juloos , जोल्क , जूलूस
karyabhar , कर्माडा , कार्यभार
manto , मेक्स , मंटो
paimaish , पानाना , पैमाइश
covina , काकान , कोविना
penshan , पिसियाक , पेंषन
ogastaavestalaind , हिर्स्रास्यार्रिया , ऑगस्टावेस्टलैंड
centreeng , किस्रेल्ट , सैंट्रींग
activa , अप्रिया , ऐक्टिवा
barker , ब्रेट्ट , बार्कर
valkan , वावाक , वल्कन
vruton , रार्रा , वृत्तों
kabaddi , कोल्रोल्ट , कबड्डी
raunakh , रालाका , रौनक़
caitlyn , काकाना , कैटलिन
phoos , कोएसीएस , फूस
jangadnaa , जालामाराल , जनगणना
upakhyaanon , तिसियानानी , उपाख्यानों
sundram , स्रामार्या , सुंदरम
cochin , किसिया , कोचीन
neko , एन्स , नेको
kaushal , काकियान , कौशल
phaliya , पालाल , फालिया
acevedo , एक्रिल , एस्वेडो
kottayam , क्रासियां , कोट्टयम
dilaaega , दालाला , दिलाएगा
kurvi , कराकी , कर्वी
saunpengi , स्रानांग , सौंपेंगी
lekhan , लिनाना , लेख़न
gudepu , फोल्र , गुडेपु
pharase , पोर्ट , फरसे
nubiya , नाल्यां , नूबिया
taja , कोलोएएस , ताजा
aantrit , अन्र्टिट , आंत्रित
qazi , कोलोल , काजी
murgipalan , मुर्रालाल , मुर्गीपालन
eddy , एड्री , एड्डी
nagine , नाल्यां , नगीने
subha , सुलोल , सुब्हा
luis , लोसी , लुइस
vijayapuram , विमावार्यां , विजयापुरम
bataao , बेरी , बताअाे
ochoa , यिएसी , ओकोआ
science , स्सिका , साइंस
sarkarein , स्राक्रिया , सरकारें
bremerton , ब्रोर्लेड , ब्रेमटन
gurupado , फुर्राल , गुरुपदो
sanyukt , सुवार , संयुक्त
raalod , राल्लों , रालोद
baadhaon , बुराला , बाधाओं
gaumutra , गुर्रान , गौमूत्र
sabhaen , सुलालों , सभाएं
tani , तीईई , तनी
delhi , दाली , दिल्ली
suken , स्री , सुजेन
vineet , विक्यास , विनीत
chimate , चारा , चिमाते
kikiyana , काकियान , किकियाना
rocket , रेप्टी , रॊकेट
maxwell , मेस्रिलिल , मैक्सवेल
hippo , हेस्स्स , हिप्पो
deepan , डेक्स , दीपन
arymaa , वालान , अर्यमा
bhulata , बालारा , भूलता
karmaacharee , कर्मानारी , कर्माचारी
durgapur , द्राल्रेट , दुर्गापुर
tribhaashaa , त्रामानार , त्रिभाषा
soodkhoron , स्रार्रा , सूदखोरों
prastaavon , प्रस्रानान , प्रस्तावों
survin , स्रानाल , सुरवीन
prapti , प्रोट्ट , प्राप्ती
girivaasiyon , गुरावावा , गिरिवासियों
siducing , स्रानार , सिडयूसिंग
welwet , वाल्रे , वेलवेट
muqarrar , मार्रेर्यास , मुक़र्रर
baxter , ब्रेस्ट , बैक्सटर
denier , देरे , डेनिअर
cw , कीएस , सीडब्ल्यू
uthani , वियाका , उठनी
ghasi , लोस्या , घासी
ikattha , विस्रिया , इकट्ठा
bhupsingh , बास्रानान , भूपसिंह
dabochne , दुराला , दबोचने
crosby , प्रोटी , क्रॉस्बी
naameegiraamee , निलानानारिया , नामीगिरामी
hurley , हाराल , हर्ले
jarda , बोल्रोल , जर्दा
liepradhanmantri , लास्र्रांग्रांग , लिएप्रधानमंत्री
bhranti , ब्रानार , भ्रांति
agencyyon , अमियारिया , ऐजेंसियों
bago , बोली , बागो
forcee , फोरीएस , फारसी
bosaan , बेसीएस , बोसान
karki , कोर्ट , कार्की
ginate , गिन्स , गिनते
manokaamnaaon , महावावावान , मनोकामनाओं
sammpattiyaan , स्रार्याक्रियां , संम्पत्तियां
politheenon , पुरालाल , पॉलिथीनों
mtake , डेक्स , एमटेक
parichar , प्रानार , परिचर
badabadee , ब्रबाला , बडबडी
crane , कोरीएं , क्रेन
laamiyaan , लालाला , लामियां
ulhasnagar , अमिरानार , उल्हासनगर
prabhanmantri , प्रामार्रांग , प्रभानमंत्री
shiwalapurwa , शंंद्रांग , शिवालापुरवा
ferth , फोर्ट , फर्थ
suhagin , सुलाला , सुहागिन
saraikela , स्रानाल , सरायकेला
romeoville , रालाराला , रोमियोविल
raajsthanvasiyon , रार्यास्राक्यांच , राजस्थानवासियों
pratirodhaatmak , प्र्रार्रांगर , प्रतिरोधात्मक
svarnikaa , स्रावावान , स्वर्णिका
vyavasthapana , विक्यास्रांच , व्यवस्थापना
tel , टीएई , तेल
galatfahmi , गुर्याराल , ग़लतफ़हमी
takeinsider , त्रिटिनार , टेकइनसाइडर
microfiber , मार्रेर्ट , माइक्रोफाइबर
shreemahapoorn , स्रामार्राल , श्रीमहापूर्ण
fallujaa , फुलालाल , फ़ल्लूजा
donaldson , दाल्रेर , डोनल्डसन
chadhne , चाल्रा , चढ़ने
jeevvigyaaniyon , जानावावावाया , जीवविज्ञानियों
cricketing , क्र्ट्टिलिं , क्रिकेटिंग
reduction , रर्तार , रिडक्शन
awaazen , वालाला , आवाज़ें
wlaad , अर्लाल , व्लाद
prathmik , प्रारिलाल , प्राथमिक
thenga , रालाल , ठेंगा
excel , एस्स्टी , एक्सेल
chatakaate , चिक्टिनान , चटकाते
kubuddin , कुल्रालर , कुबुद्दीन
taaza , तोला , ताजा
padani , पुराल , पड़नी
nichaai , नियान्या , नीचाई
wausau , विकिया , वौसौ
aalochakon , अमियाप्यास , आलोचकों
jaljale , जललाल , ज़लज़ले
surat , स्रेट , सूरत
jeevati , जिनार , जीवति
prahaarak , प्रामारिल , प्रहारक
shreesadguru , स्र्रांट्ट , श्रीसद्गुरु
sanchalanon , सुवावाना , संचालनों
bhal , बोली , भाल
tughlaq , ताल्राल , तुगलक
uthaapatak , विर्साक्स , उठापटक
hastaantaraneey , हस्स्यार्रांच , हस्तांतरणीय
utsaahawarddhan , अप्राक्रांगारी , उत्साहवर्द्धन
sangoshtree , स्लार्रेट , संगोष्ट्री
shaasanadhikariyon , सिक्याक्राक्यांच , शासनाधिकारियों
mahadhipatiyon , महानार्राना , महाधिपतियों
fatima , फेराल , फातिमा
fode , फोलोएएएस , फोड़े
kantinyoo , काक्यानार , कंटिन्यू
kaamanaen , कालानान , कामानाएं
chutile , चाक्यास , चुटीले
sankhyaen , सुवानान , संख्याएं
kranj , कर्लाल , करंज
barsata , ब्रेस्ट , बरसाता
parikalpit , प्रार्राल , परिकल्पित
harpal , हेस्रिल , हरपाल
maaoont , माल्र , माऊंट
grover , फ्रोलोल , ग्रोवर
biolozis , बुल्लाल , बायोलॉजिस्
halisahar , हानारान , हालिशहर
angelo , नाल्ला , एंजेलो
janeudharee , जानारारा , जनेऊधारी
bichbachaav , बारावांग , बीचबचाव
pokar , प्रोस , पोकर
apvartit , टिस्ट्टिलों , अपवर्तित
aastin , एस्सियास , आस्तीन
pratishthaavaale , प्र्राक्यांस्रिय , प्रतिष्ठावाले
buenaventura , भारानांद्त , ब्युनावेंचुरा
deccan , डेस्का , डेक्कन
seriw , स्रेल , सेरिव
pardaa , प्रालों , पर्दा
emile , एल्ला , एमिल
shaili , सियाल , शैली
eastvale , एस्सिरिया , ईस्टवेल
chhallaa , याल्लालार , छल्ला
lakshyon , लास्यारिया , लक्ष्यों
hoaf , होल्स , हॉफ
jarurih , बारावान , जरूरीः
rahya , राया , रह्या
mahkane , मानाना , महकने
devi , डीएक , देवी
nielsen , निन्क , नील्सन
bhira , बेरी , भीरा
chabutare , चाल्रेर , चबूतरे
bhushan , बिनानान , भूषण
rukte , रेर्ट , रुकते
aamdani , अम्यारिया , आमदनी
talkshow , तार्रान , टॉकशो
junagadh , जालालाराल , जूनागढ़
padhata , परालार , पढ़ाता
odhakar , अद्रिक , ओढ़कर
broke , ब्रोल , ब्रोक
talaasha , तालाका , तलाशा
parivaarwaale , प्रावावाक्यां , परिवारवाले
trubyunal , त्रामानाल , ट्रिब्यूनल
brock , ब्रेटी , ब्रोक
yallaappaa , याल्रार , यल्लाप्पा
tasvaron , ट्स्यास्रिल , तस्वारों
tugalaki , तालाराल , तुगलकी
pick , पीसीएस , पिक
circulation , क्रान्रिलिं , सर्किलेशन
jvar , बेरा , ज्वार
kanindham , कार्यानार , कनिंघम
kush , कोसी , कुश
properfacebuk , प्र्र्ट्टेर्ट , प्रॉपरफेसबुक
ashrafi , एस्रेल्ट , अशरफी
chadhen , चाल्रा , चढ़ें
vangchuk , विमार्यार , वांगचुक
honeywell , हहानारा , हनीवेल
radiumdharmee , रार्मामार्यार , रेडियमधर्मी
ladhege , लुल्लालों , लड़ेगे
sachan , सुकान , सचन
arthshastriyon , विप्स्रास्रांग , अर्थशास्त्रीयों
canton , किस्टा , कैंटन
aatmamugdha , अर्रानांग , आत्ममुग्ध
pontiac , पोरिका , पॉन्टिएक
lopez , फोले , लोपेज़
ghontanaa , गिनानारा , घोंटना
ambani , अम्लाला , अम्बानी
maryadaon , मुर्यांग , मर्यादाओं
ratlam , रराला , रतलाम
hercules , हेर्टिल , हरक्यूलिस
akola , यिरी , अकोला
sakshan , स्सिकियां , सक्शन
notbandeeshuda , निर्रार्यांड , नोटबंदीशुदा
lagavaatee , लुल्याराल , लगवाती
alive , अल्याएस , अलाइव
jivant , जिनास्र , जीवंत
foda , फोलोएएएस , फोड़ा
fatahee , फेरी , फटही
noobiyaa , निलाला , नूबिया
lalmanee , लुलालाल , लालमणी
faisala , फेसिया , फ़ैसला
krutyaa , कर्यारा , कृत्या
dhuan , दाहान , धुआं
ahuja , एलाला , आहूजा
pratipaalpur , प्र्रेट्रिंग , प्रतिपालपुर
namkeen , निनारा , नमकीन
manjilen , मालालार , मंजिलें
laffaajee , फुल्बाल , लफ्फाजी
juraab , बुल्रा , जुराब
fulae , फोली , फुलाए
castalloy , कस्तियां , केस्टालॉय
black , बेरेस , ब्लैक
sooraj , स्रेल , सूरज
bronch , ब्रेलोर , ब्रॉन्च
avarnataa , विर्यास्यास , अवर्णता
johari , जिलार , जोहरी
tevree , त्रोलो , तेवरी
sanders , स्रेट्ट , सेंडर्स
welder , वाब्रे , वेल्डर
eneeyoo , आना , एनईयू
bharashtachaariyon , भार्षाक्यास्रांच , भरष्टाचारियों
laalmanee , लुलालाल , लालमणी
khaatedaar , खार्रान , खातेदार
aazmaanaa , अज्लालाल , आजमाना
aavrittiyon , अर्रास्यास्यां , आवृत्तियों
kullawee , कालालाला , कुल्लवी
bahawalpur , भारावार , बहावलपुर
prathmikta , प्र्रानार्ट , प्राथमिकता
mobile , मोल्लोल , मोबाइल
katihar , कार्यार , कटिहार
swecha , स्रान , स्वेच्छा
haamidan , हालानार , हामिदन
samdharshni , सुर्रावार , समदर्शिनी
dridh , डेर्लाल , दृढ़
gond , गोल्र , गोंद
wishesh , विस्यास , विशेश
kaabilegour , काल्लाब्लार , काबिलेगौर
laurense , लोल्रास , लौरेंस
hisham , हिसियां , हिशाम
chausinga , चिकानान , चौसिंगा
pafin , पोरी , पफिन
mate , मोसी , मेट
buildcon , बुर्लार , बिल्डकॉन
teekon , टीकीएस , टीकों
athak , विक्स , अथक
jindagee , जालाराल , जिदंगी
chayal , चिया , चायल
maap , मेसी , माप
last , लेस्स , लास्ट
gajra , गुब्लो , गजरा
ratrichar , र्राट्रिल , रात्रिचर
kaathalaa , काराला , काथला
sahuuliyata , सुलानाला , सहूलियत
pattnaik , प्रिसिनां , पटनायक
nyayalayeen , नाला , न्यायालयीन
mukhyamantriyon , मुर्यानार्यार्यां , मुख्यमंत्रियाें
jeetanewalon , जिनानाराला , जीतनेवालों
swaphoto , स्रेटिला , स्वफ़ोटो
clifton , कोल्रेट , क्लिफ्टन
doda , डीएबोएएस , डोडा
pendulum , पुरालार , पेंडुलम
chipakane , चिस्यास्क , चिपकने
nalakasa , निल्रा , नलकसा
chhah , चिया , छह
gond , गोल्र , गोंड
sameekshaakartaa , सुर्राक्तांच , समीक्षाकर्ता
mantripad , मार्रेट्ट , मंत्रीपद
liberation , लुल्रार्या , लिब्रेशन
asamaany , अस्यानाल , असमान्य
chungiyon , चालानाना , चुंगियों
arica , एर्योस , एरिका
balot , बोल्र , बेलोट
thin , रीया , थींं
formic , फोर्लोल , फार्मिक
yuddhak , विल्रान , युद्धक
vegas , वेब्स , वेगास
las , लेस , लास्ट
chitranshi , चिक्टारिया , चित्रांशी
avranta , विर्यास्ट , अवर्णता
wasting , विस्रियां , वेस्टिंग
vitark , विर्टिस , वितर्क
mukabaale , मुरालाल , मुकबाले
dharmapoorwee , दार्रार्रा , धर्मपूर्वी
ambaani , अम्यालार , अंबानी
ibija , एल्लोल , इबीजा
mahamedia , महामारी , महामीडिया
suzlon , सुज्लोल , सुज़लोन
varnit , विर्रा , वर्णित
jhuthlane , जिनानारा , झुठलाने
madurai , मुर्यार , मदुरई
kaundal , कुराला , कौण्डल
lapatta , लेस्ट्ट , लापत्ता
kshin , किसिया , क्षीण
tewaree , तोर्याल , तेवरी
raichur , राक्रा , रायचूर
lindon , लिल्रा , लिंडन
pulama , पुलाल , पुलमा
olraunder , अद्रालर , ऑलराउंडर
garibon , फुल्रा , ग़रीबों
callahan , कालालाल , कालाहान
wabag , रालाल , वाबाग
kaipdhari , कार्राना , कैपधारी
atta , एप्सीएस , आटा
bareli , बोरी , बरेली
jing , जिलोन , जिंग
jivan , जिनान , जीवन
reddy , रेर्लो , रेड्डी
pehni , पोयोस , पहनी
tanu , तीईईएस , तनु
deepika , डेस्का , दीपिका
lohati , लोल्क , लोहाती
kakkad , क्रास्यास , कक्कड़
maulviyon , मुलावान , मौलवियों
dungarpur , दार्रार्ट , डूंगरपुर
zaalaanaa , जिलाला , झालाना
lakme , लोल्क , लक्मे
prospectus , प्रोस्ट्ट्ट , प्रोस्पैक्ट्स
westinghouse , अप्रिरियांग , वेस्टिंगहाउस
bawara , बुराला , बावरा
thakkr , रेक्ट्स , ठक्कर
ichchhaachaaree , निश्यानार्यां , इच्छाचारी
triya , ट्री , त्रिया
dhavakon , दिवाकान , धावकों
damle , देलोल , दामले
shravanabelagola , स्रावानार्यांग , श्रवणाबेलागोला
nilkamal , निल्यारिया , नीलकमल
karmacharee , कर्माराल , कर्माचारी
poorwottar , प्रोट्रेट्स , पूर्वाेत्तर
lehrayi , लिनाना , लहराई
haito , हेएसी , हैतो
prakaandh , प्रारानाल , प्रकाण्ड़
khelmantree , खाल्रार्ट , खेलमंत्री
bhavishya , भानावान , भविष्य
egmor , एल्बोर , एगमोर
shringar , स्रालार्ट , शृंगार
saupengee , स्रानाल , सौंपेंगी
knoxville , काक्रिरिया , नॉक्सविल
bender , ब्रोलोस , बेंडर
sundaram , स्रामार्या , सुंदरम
pradesh , प्रोर्यों , प्रदेश
samvedikaran , स्रामार्रान , संवेदीकरण
laguna , लुलाला , लगुना
bhisham , बिनानान , भीष्म
yemmiganur , निलालार्यार , येम्मिगनुर
huhtamaki , हिन्यार्यार , हुहतमाकी
vadli , रालाल , वडाली
gail , गोली , गेल
race , रीएएस , रेस
salazar , सुब्लाल , सालाज़र
diphtheria , देस्रांग , डिप्थीरिया
dradh , डेर्लाल , दृढ़
shadadhi , सुलाराला , शदधि
prabodhini , प्रामार्यां , प्रबोधिनी
lokpratinidhiyon , लास्रार्यार्यार्यां , लोकप्रतिनिधियों
jatati , बिराक , जताती
mangla , मालालाल , मंगला
berwyn , ब्रानान , बर्विन
mum , मोली , मम
udaygadhi , उद्यामालाल , उदयगढ़ी
akapulko , अप्रियां , अकापुल्को
vaidhruti , विर्रांग , वैधृति
charanbaddh , चार्रार्लाल , चरणबद्घ
mandadi , मुरारा , मनदड़ी
euclid , एन्रेल , यूक्लिड
paarampariktaa , पर्राक्रात्या , पारंपरिकता
hafate , हेल्र्स , हांफते
sathiya , स्याकिया , साथिया
sanghiyataa , सुलानाराल , संघीयता
mukhyaatithiyon , मुव्यानार्यांच , मुख्यअतिथियों
vyavasthavirodhi , विर्यास्रार्यांच , व्यवस्थाविरोधी
raktadaataaon , र्राक्यांद्यांग , रक्तदाताओं
baramade , ब्रालार , बरामदे
tarutal , त्रोलार , तरुतल
kutta , केर्टी , कुत्ता
jhaadaa , जिलाना , झाड़ा
kishun , किसियां , किशुन
schaeffler , स्रेर्रेल , स्कैफ़लर
amrohi , अद्यार , अमरोही
raidical , राराला , रैडिकल
jenner , जिन्रा , जेनर
varshiya , विक्यास्यां , वर्षिय
hasino , हिसिया , हसीनों
shaavakon , सिवानाक , शावकों
rupa , रीपी , रूपा
swaarthparak , स्रार्रार्र , स्वार्थपरक
weronika , वार्यार , वेरोनिका
webb , रालोल , वेब
mahapatra , मान्रेस्ट , महापात्रा
chenkein , चिकाना , छींके
agra , एब्बो , अग्र
jiyaangkou , जिनानाना , जियांगकोऊ
westwork , एर्स्टेट्ट , वेस्टवर्क
janaganna , जालानावा , जनगणना
pasco , पीस्स , पास्को
jadhav , भालारी , जाधव
enterprise , एन्ट्ट्ट्ट्स , एंटरप्राइज
sanshayon , सिवानान , संशयों
varnavyavasthaavaadiyon , वर्रावावाक्यास्रांच , वर्णव्यवस्थावादियों
upasthiyon , रिस्यास्यां , उपस्थियों
mudichu , मुराला , मुडिचु
parnstaron , प्र्ट्टिंग्स , पर्नस्टारों
ia , एईईई , ईए
baila , बिली , बैला
livaal , लाहाना , लिवाल
hillsboro , हाल्रेर्स , हिल्सबोरो
rashtriyadhyaksha , रिस्यार्राक्यास्रिया , राष्ट्रियाध्यक्ष
peedablyootee , प्रालार्या , पीडब्ल्यूटी
thousand , ताक्रान , थाउजेंड
shaakir , सिवाक्स , शाकिर
salahkaar , सुलारार , सलाहकार
vishwakarma , विष्याक्रांच , विश्वकर्मा
ridge , रेल्र , रिज
swaasthyaheenataa , स्रावाक्यास्यांच , स्वास्थ्यहीनता
rishvatkhor , रिस्रांट्ट , रिश्वतखोर
praavinses , प्राक्रान , प्राविंसेस
daftarvaale , दर्रावार , दफ्तरवाले
physician , किस्यास्यां , फिजिशियन
log , लोली , लोग
jodhika , भालारा , जोधिका
sevalaa , सुवाल , सेवाला
doobat , डेब्र , डूबत
sipah , स्सीएस , सिपाह
bharamaa , बुराला , भरमा
prtigyaa , प्रारियां , प्रतिज्ञा
meghwal , मुलालार , मेघवाल
nandoi , निल्रा , नंदोई
aurora , एर्रिया , ऑरोरा
formuley , फ्रालाल , फार्मूले
durghtna , दुर्राला , दुर्घटना
swatantrasingh , स्र्राक्रांस्यां , स्वतंत्रसिंह
monterey , मार्रा , मोंटेरे
baalti , बोल्र , बाल्टी
columbia , काल्लाल्ट , कोलंबिया
whittier , अर्रेस्ट , व्हिटियर
dukke , डेरी , दुक्के
cubeck , पोल्टोस , क्यूबेक
chamakna , चानाकान , चमकना
sheelbhag , सिलाब्ला , शीलभंग
bistagond , ब्रेट्रिल , बिस्तागोंड
findlay , फुराला , फाइंडले
bapaa , बेरी , बापा
dehra , डेल्क , देहरा
aise , एईएस , ऐसे
shrankhala , स्रानावां , श्रंखला
hastaaksharon , हस्स्रास्यार्यां , हस्ताक्षरों
tirupati , त्र्टिनिं , तिरुपति
mangalmoortih , मुल्लाब्रालार , मंगलमूर्तिः
kursiyon , काप्रिया , कुर्सियों
mithaiyaan , माकानान , मिठाइयाँ
pahno , पोले , पहनो
halebid , हाल्लार , हैलबिड
bangsh , बारान , बंगश
officially , दुर्यार , ऑफिशियली
sevai , सीएकी , सेंवई
gurjar , फुल्बोर , गुर्जर
samanvayaka , सुवावावा , समन्वयक
parnel , प्रोलो , पार्नेल
sunsan , स्सियास , सूनसान
cusex , कोस्स्स , क्यूसैक्स
madhya , मुलाला , मध्य
yudhrat , नार्रान , युद्धरत
urbandale , राल्माब्र , अर्बनडेल
briggs , ब्रोबोल , ब्रिग्स
error , एर्रोट , एरर
chikhali , चिनाना , चिखली
waan , विया , वाण
adhikaariyaan , अद्यावाक्याक्या , अधिकारियां
roanoke , राल्का , रोनोक
haokip , हेन्स्स , हाओकिप
poorvapekshaaon , प्रास्रानार्यां , पूर्वापेक्षाओं
masheenawat , मास्यांद्यां , मशीनवत
kadmo , कोरोल , कदमो
kurami , कुराला , कुरमी
vidyaathyon , विरानानान , विद्याथयों
simtataa , स्रानार , सिमटता
sangrur , स्राबार , संगरूर
strongsville , स्र्रेर्रिल , स्ट्रोंगस्विल
agvaai , अम्याला , अगवाई
jangan , जिलालां , जनगन
nagraj , नाब्बाल , नागराज
yariyan , यिवाना , यारियां
bhagyeshwar , भालानाप्रा , भाग्येष्वर
jivati , जिनारा , जीवति
sudkhoron , स्रारार , सूदखोरों
rukwaakar , रर्यार्यार , रुकवाकर
brahmvarta , ब्रार्यार्र , ब्रह्मवर्ता
gray , फोली , ग्रे
bhraanti , ब्रानार , भ्रांति
purooshottamapur , प्र्राट्रांट्ट , पुरूषोत्तमपुर
teji , कोलोए , तेजी
svaatan , स्रानान , स्वातं
mantarimandaliya , मार्यार्यामार्यांच , मंत्रिमंडलीय
ashley , यिन्यास , एशले
mathews , मार्सान , मेथिव्स
moolon , मोलोल , मूलों
akzo , योब्क , एक्ज़ो
hamirpur , हांड्रेस , हमीरपुर
pokhriyal , प्रानाना , पोखरियाल
bolateen , बुराल , बोलतीं
pratishthavale , प्र्स्यार्रानिं , प्रतिष्ठावाले
dabangata , दुर्लालार , दबंगता
dhuriya , दुवाना , धुरिया
teap , टीएस , टिप
gazi , गोली , गाज़ी
ijajat , अल्लोर , इजाजत
mejbani , मुल्लालों , मेज़बानी
toledo , कोरोल , टोलेडो
mohadhaa , मालावान , मोहड़ा
putli , प्रोल , पुतली
sanchari , सुवारा , संचारी
taapanee , तेकियां , टापनी
little , लेर्टी , लिटिल
narnaari , निर्यारिया , नरनारी
dhaniye , दायाना , धनिये
gadhoonga , गुल्लालार , गाड़ूँगा
faadi , फोलोल , फाड़ी
gammat , गुल्रा , गम्मत
tuberculosis , कर्रेर्ट , ट्यूबरक्यूलोसिस
nagarjuna , निल्लालार्यां , नागार्जुन
raajneechi , रालामार , राजनीचि
medizensar , मुल्रेर्ट , मेडिजेन्सर
laphphaajee , लास्यारिलाल , लफ्फाजी
commerce , कोल्रेट , कॉमर्स
maathaloo , मुराला , माथलू
chatagaon , चारालाल , चटगांव
hilig , होला , हीलिग
isnpector , एस्स्ट्टेट , इस्न्पेक्टोर
testing , टेस्ट्ट , टेस्टिंग
naushad , निक्यास , नौशाद
falluja , फुलालोल , फ़ल्लूजा
pik , पीएस , पिक
jiwan , जिनान , जीवन
katal , कोरी , कताल
dablyooeeef , दुल्लालार , डब्ल्यूईएफ
besil , बेसी , बेसिल
slidon , सुल्रो , स्लाइडों
saindan , सुवार , सैंदान
jeremy , बारा , जेरेमी
gaanv , गियासी , गॉंव
todenge , तोर्लोल , तोड़ेंगे
udaan , उदिया , उड़ान
saptkraanti , स्र्स्रांस्र , सप्तक्रांति
miranda , मुर्यार , मिरांडा
vyapak , विक्सा , व्यापक
maddy , मुर्ला , मैडी
sabhasadon , सुल्रार , सभासदों
nauvahan , नियानानान , नौवहन
atmaen , विवान , आत्माएं
rosa , रीएस , रोज़ा
damaae , दाला , दमाए
midwest , मेल्रेट्स , मिडवेस्ट
trelarah , त्रोलार , ट्रेलरः
marlborough , मुर्रालार , मालबर
waco , एपीएस , वाको
vimarshon , विर्यास्र , विमर्शों
khan , काना , खान
difarard , डेर्रेल्ट , डिफरर्ड
sarsaa , स्रेस , सरसा
hester , हेस्स्ट , हेस्टर
uttar , रेस्ट , उत्तर
kasera , केस्टी , कसेरा
kuraaane , कुराला , कुरआने
dayitvon , दिवाकान , दायित्वों
chayaniton , चिनानाक , चयनितों
morales , मोर्लोल , मोराल्स
heros , हेएट्स , हीरोज
premamoolak , प्रारिलाल , प्रेममूलक
moran , मुरा , मोरन
zydus , जोरान , ज़ाइडस
nelson , निन्स , नेल्सन
amarpal , अम्रिटिया , अमरपाल
phatne , पोरील , फटने
tinka , तेकिया , टिंका
gaayikaao , गियानान , गायिकाओ
pakayen , प्याकिया , पकाएं
bhrashtachariyon , बार्रास्यार्रियां , भ्रष्टाचारीयों
chalit , चाल्र , चालित
affle , डेब्ल , एफल
mod , मोएएएएट , मॉड
rajnitikaaron , राम्रार्यार्या , राजनीतिकारों
arthon , रिक्यास , अर्थों
gaaligalauj , गुलालालाला , गालीगलौज
anyonyashritata , निनानार्रांच , अन्योन्याश्रितता
udaya , उदी , उडाया
cutlery , कोर्टिल , कटलरी
pratibandhah , प्र्रानार्यां , प्रतिबन्धः
neelaabh , निलाला , नीलाभ
bilae , बोली , बिलाई
khullamkhulla , खाल्लालामारिया , खुल्लमखुल्ला
swanson , स्रानाक , स्वानसन
anvaahaarya , नियावावान , अन्वाहार्य
rewari , राराल , रेवाड़ी
sahkalakar , सुवार्र , सहकलाकार
championship , चिर्यास्रिस , चैंपियनशिप
bhadkaayaa , बारावानी , भड़काया
namdhari , निल्रालार , नामधारी
alba , एल्लोल , अल्बा
watanukoollan , विर्यानार्यां , वातानुकूलन
khaatadhaarak , खार्यार्रान , खाताधारक
texas , टेस्स्स , टेक्सस
special , स्रेसी , स्पेशल
harvansh , हिन्राशियां , हरवंश
dinu , दाया , दीनु
shaniwar , शिंगार , शनिवार
de , एएएएएएएएटएस , डीई
dabi , डीलो , डाबी
nahinkarvaaee , निन्यार्यांट्या , नहींकरवाई
maarvaad , मुर्यारा , मारवाड़
peediyon , पोरिया , पीड़ियों
brigton , ब्रोबेल्स , ब्रिगटन
mnaey , माया , मनाए
ligar , लोल्र , लिगर
dilaega , दालाला , दिलाएगा
aadhin , अमियाक , आधीन
parwa , प्रालो , परवा
hempstead , हेस्ट्ट्टिस , हेम्प्सटेड
mamooli , मुलाला , मामूली
pradeshikaa , प्रार्यांड , प्रदेशिका
verification , वर्राक्त , वैरीफ़िकेशन
fefada , फोरोलो , फेफड़ा
wisangatiyaa , विष्यानारिया , विसंगतिया
kachchhe , काक्यार , कच्छे
ghost , गेस्स , घोस्ट
pipli , प्री , पिपली
lovasa , लिक्स , लवासा
helper , हेल्र्स , हेल्पर
doobnewaale , दुर्यानाल , डूबनेवाले
bakhshane , बास्यांड , बख्शने
indriyonke , निर्यार्यार , इन्द्रियोंके
barhad , ब्रोलाल , बरहद
risaalee , रेसिया , रिसाली
kaksheevati , कास्रानार , काक्षीवती
vishvarakt , विस्रांस्ट , विश्वरक्त
lodi , लोल्क , लोदी
peachtree , प्रेट्योस , पीचट्री
ghumakkdon , गुर्यार्रा , घुमक्कड़ों
ojha , होली , ओझा
ilaaj , एलाली , इलाज़
arunai , वावा , अरुणाई
ayodhyeanath , अन्यानार्यां , अयोध्यानाथ
bhautikwadiyon , भार्यानांद्यां , भौतिकवादियों
roket , रीप्स , रॊकेट
nurochemistry , निर्रार्टिं , न्यूरोकेमिस्ट्री
coldvel , कोल्रोलो , काल्डवेल
aawaazen , अमालाला , आवाज़ें
mool , मोली , मूल
multiplexon , मुल्रेट्ट्ट , मल्टिप्लेक्सों
tyoihar , ताकाल , त्यौहार
rotation , र्रिटिया , रोटेशन
belacha , बुलाल , बेलचा
sahakalaakar , सुवावारा , सहकलाकार
jadit , जोल्र , जड़ित
nagaaraa , निलामार , नगाड़ा
barpaya , ब्राकाल , बरपाया
doongarpur , दार्रेर्ट , डूंगरपुर
land , लोल्क , लैंड
uchchhrunkhalataa , निक्रारांगांच , उच्छृंखलता
failaiya , फुला , फैलाइए
suchi , स्यासी , सूची
noon , एन्योस , नून
rp , टीएसी , आरपी
shield , सिलार , सील्ड
palanpur , पुर्रान , पालनपुर
electrosteel , एम्ट्ट्ट्ट्स , इलेक्ट्रोस्टील
obscura , एर्स्टिल , ऑब्स्क्योरा
cigretton , कोर्रेट्स , सिगरेटों
dikhaee , दाका , दिखाईं
russell , रेस्टिल , रसल
nazarandaaz , निल्लामार्यांग , नजरंदाज
kualalampoor , काल्लार्रिल , कुआलालंपूर
austin , एस्सियास , ऑस्टिन
raidcras , रेर्टेट , रैडक्रास
tcns , टीस्स , टीसीएनएस
svaayattshasan , स्राक्राक्त , स्वायत्तशासन
mood , मोल्स , मूड
daulatabad , दुर्लारा , दौलताबाद
bhulta , बुल्र , भूलता
pratikaara , प्र्रानार , प्रतिकारा
nights , निल्र्स , नाइट्रस
nakam , निकिया , नाकाम
shutting , सिक्रार , शुटिंग
raashtra , रेप्टिक , राष्ट्रा
bechkar , बेर्टिल , बेचकर
stone , स्रीएस , स्टोन
wardha , राल्रान , वर्धा
deedablyutee , दुर्मालार , डीडब्ल्यूटी
desabathula , देस्रिलालों , देसबथुला
baapa , बेरी , बापा
baghbaan , बुलाबाला , बाघबान
aadeshah , अमिकियां , आदेशः
udelkar , अद्रेल्स , उड़ेलकर
tarko , ट्रोक , तर्कों
yaaddaasht , यिन्रार्ट , याद्दाश्त
inhalation , निलानार , इनहेलेशन
safradganj , स्राब्रेलर , सफरदगंज
roopak , रेर्स , रूपक
scranton , स्र्टेंग , स्क्रेनटन
varnavyavasthaawaadiyon , वर्रावावाक्यास्रांच , वर्णव्यवस्थावादियों
shikshakarmiyon , सिस्याक्राक्यांच , शिक्षाकार्मियों
khandelwal , खार्यांगाल , खंडेलवाल
beverages , ब्रोलेर , बेवरेजेस
pidiya , पारा , पीडिया
nadaf , एन्फ्र , नदफ
jehe , जिया , जेहे
dhahaaenge , दालानाला , ढहाएँगे
mastmaula , मस्सावाला , मस्तमौला
agartala , अम्रारिया , अगरतला
jamayaa , जियाला , जमाया
pardesi , प्रोट्यों , परदेसी
arya , एरी , आर्यों
velvet , विल्रेस , वेलवेट
aapdaein , विस्यां , आपदाएं
aagashe , अल्यार , आगाशे
achchi , निसिया , अच्छी
udghosh , अब्राल , उदघोष
swabhawatah , स्रावावांग , स्वभावतः
bani , बोया , बानी
raykar , रारान , राइकर
pidilite , पोर्लाल , पीडीलाइट
dual , देली , ड्युअल
bheera , बोल्क , भीरा
silva , सुलाक , सिल्वा
adhikaran , अद्याप्रिया , अधिकरन
rangkata , रार्रान , रंजकता
srichakra , स्र्टिनार , श्रीचक्र
gowmutra , गुर्रार , गौमूत्र
nichalaa , नियानार , निचला
burhanpur , ब्रारारान , बुरहानपुर
sahooliyata , सुलानाला , सहूलियत
labdh , लोल्बोल , लब्ध
poole , पोली , पूल
strasion , स्र्स्टिया , स्ट्रेशन
picking , प्रिसिया , पीकिंग
oditar , एड्रेस , ऑडिटर
deniar , देरा , डेनिअर
ajit , एल्फी , अजित
langdon , लाल्रार , लैंगडन
avashist , अर्सिकिस , अवशिष्ट
jha , जिया , झ
prashasnik , प्रस्यास्र , प्रशासनिक
bossier , बस्स्स , बोसीयर
badhachadhakar , बुर्यार्रांग , बढ़ाचढ़ाकर
giridih , गुरालाल , गिरिडीह
bhuj , बोला , भुज
reading , राराला , रीडिंग
fawaare , फुराला , फव्वारे
advait , अद्रान , अद्वैत
rukate , रेर्यास , रुकते
anonditaa , निन्रानान , अनोंदिता
fontana , फेराला , फोंटाना
nyutriyo , निर्यांग , न्यूट्रियो
pailoton , पुल्रा , पायलटों
jaden , जिल्र , जड़ें
boriwali , ब्रालाला , बोरीवली
ilaichi , अलियान , इलाइची
alliance , अल्लाल्क , एलियंस
dhammaa , दुलालाल , धम्मा
nahargadh , निल्मार्यार , नाहरगढ
nsiu , एस्यास , एनएसआईयू
sapaat , स्रेस , सपाट
lengdan , लाल्रार , लैंगडन
panama , पुलाल , पनामा
putle , प्रीएं , पुतले
aasaapaas , अस्सियां , आसापास
alwadhi , अम्यारिया , अल्वधि
mufalisi , मुर्लाल , मुफलिसी
sansathaan , स्राकानान , संसथान
darshnaarthee , देक्रांग्टिंग , दर्शनार्थी
lokotsav , लोट्ट्ट , लोकोत्सव
graahakonne , फुरावान , ग्राहकोंने
uchchaadhikaareeyo , निष्यार्यार्यांच , उच्चअधिकारीयो
bhav , बोना , बहाव
reja , रीली , रेजा
motherson , मार्टेट , मदरसन
kauplaiks , कार्राल , काॅप्लेक्स
aaburod , एब्लोब्ट , आबूरोड
heidelbergceat , हाल्रेर्रेल्ट , हैडलबेर्गसिएट
chimati , चारान , चिमटी
surfactants , स्र्रेर्टेल्स , सर्फेकटेंट्स
mitao , मेक्या , मिटाओ
kailana , कालाला , कायलाना
tankar , तेर्यार , टंकार
odhkar , एम्रेट्स , ओढ़कर
merta , मेर्ट , मेड़ता
megavaal , मुलालाला , मेगवाल
rasyanik , रिसियांग , रसायनिक
soochnah , स्यानार , सूचनाः
sugamata , सुल्राल , सुगमता
jockey , बिसान , जोकि
munaf , माल्र , मुनाफ
niswarth , निस्रिरियां , निस्वार्थ
kshetradwaaraa , स्र्राक्रांग्त , क्षेत्रद्वारा
mahawar , मानारा , महावर
buldhana , बुलालारी , बुलढाना
dhamkata , दिरानार , धमकाता
bhusvami , बास्यांगा , भूस्वामी
vigyan , वालान , विज्ञान
quete , कोरी , क्यूट
bevkufana , ब्रारालाल , बेवकूफाना
jajmau , जलालाल , जाजमऊ
beltran , ब्रोल्ट , बेल्ट्रान
vilas , विके , विलास
makhdumpur , मुर्रार्र , मखदुमपुर
kolorado , कोल्रोल्स , कोलोराडो
blackburn , ब्रार्राल , ब्लैकबर्न
suniti , सुकाक , सुनीति
ghigghee , गुल्लाल , घिग्घी
flavonoids , फुर्लार , फ्लेवनाइड्स
chahunmukhi , चिनानावान , चहुंमुखी
supachye , स्राना , सुपाच्य
siratee , स्रेकी , सिरती
vishnu , विसियां , विष्णु
chaudahavan , चान्यानारिया , चौदहवां
chaudhari , चार्यार , चौधरी
aabru , एब्लोर , आबरू
balurak , बुराला , बलुरक
davangere , दुर्माला , दावणगेरे
anurit , निर्का , अनुरीत
shipping , सिस्रार , शिपिंग
patiala , प्रिया , पटियाला
jaanam , जियाना , जानम
financial , फुकानान , फाइनेंसियल
damae , दाला , दमाए
policy , पोलोक , पालिसी
icc , एस्स , आइसीसी
kuchchh , काक्यार , कुच्छ
cheekhna , चिनाना , चीखना
reliance , रालार , रिलायंस
urvarakon , वर्राकान , उर्वरकों
ravael , रालाला , रवैल
ladhkiyon , लुरावान , लड़कियो
mukeshwaree , माक्रानार , मुकेश्वरी
wankshetra , विर्ट्टिंग , वनक्षेत्र
ummeede , अब्लाल्क , उम्मीदे
kahaavah , कालाना , कहावह
kaantipoorn , काट्रास्ट , कांतिपूर्ण
badaaen , बुराल , बड़ाएँ
enseeaardablyusee , अस्र्रांगांग , एनसीआरडब्ल्यूसी
pratibaddhataa , प्र्रार्रांग्स , प्रतिबद्धाता
follow , फुल्लोल , फ़ॉलो
sevamukta , स्रानार्या , सेवामुक्त
evanston , अर्सिकिक , इवान्स्टन
charas , केर्स , चरस
hills , होल्क , हील्स
robertsan , रेर्रेट्स , रॉबर्टसन
bhadauriya , बुरावाला , भदौरिया
glaxosmithkline , गुर्स्रास्रान , ग्लैक्सोस्मिथक्लीन
producton , प्रोर्टिलों , प्रॉडक्टों
guevara , गुराला , गेवारा
vigyaanon , वालानानी , विज्ञानों
jarvis , जिर्सान , जार्विस
laphz , लोर्या , लफ्ज
font , फेरी , फॉन्ट
paradheen , प्रालार , पराधीन
shak , सीएस , शक़
ganjhoo , गुलाला , गंझू
dit , डीएसी , डिट
danptiyon , दिक्रानान , दंपतियों
maadhikhedhaa , मुर्यानार्या , माड़ीखेड़ा
pratishthaanon , प्र्स्यार्यार्यांट , प्रतिष्ठानोंं
soond , स्रोल , सूंड़
ginte , गोरे , गिनते
alagalag , अल्लालाला , अलगअलग
swastikakaar , स्र्स्यास्रांग , स्वास्तिकाकार
pratikaraa , प्र्रानार्या , प्रतिकारा
aastik , एस्सिस , आस्तिक
niveshkartaa , निक्रास्रान , निवेशकर्ता
saval , सुवे , सवाल
sanskritiyan , स्र्यास्रानांच , संस्कृतियां
raubdar , राल्रेर , रौबदार
raghuram , राल्मारिल , रघुराम
intaravyu , निक्यार्यांड , इंटरव्यु
chharhari , चांद्रा , छरहरी
sawyer , स्राल , सॉयर
bhasapa , बिस्सान , भासपा
jvaaron , भाराना , ज्वारों
sansthita , स्रास्रान , संस्थिता
parshdon , प्रेस्रिल , पार्षदों
pulatskar , प्रेट्ट्स , पुलत्स्कर
uthaaeange , वियावाना , उठाएँगे
laengee , लिलाल , लाएंगी
oeeef , एएएएएएएएसएस , ओईएफ
valsad , विर्यास , वलसाड
mulon , मालाल , मूलों
putliyan , प्रानान , पुतलियां
shmil , सिलाल , शमिल
riggs , राब्र , रिग्स
camarillo , कुर्लाला , कैमेरिलो
saflataa , स्रालार , सफ़लता
vinasht , विक्सिक , विनष्ट
kping , पेपिला , कपिंग
jayalalithaa , जालानानाला , जयललिता
items , एईट्सीएस , आइटम्स
soccer , स्रेसी , सॉकर
asphalt , एस्स्रिल , एस्फाल्ट
mehrotra , माल्रेट्ट , मेहरोत्रा
chune , चिया , चुने
zarakh , बाराना , जरख
mejbaani , मुलालाला , मेज़बानी
muflisi , मुर्र , मुफलिसी
luna , लोयोन , लूना
warnavyavasthaavaadiyon , वर्रावावाक्यास्रांच , वर्णव्यवस्थावादियों
lipaaee , लेसिया , लिपाई
uthni , वियास , उठनी
bajaj , बोलोला , बजाज
hisarah , हिस्यार , हिसारः
dampatiyon , दार्यार्यास , दंपतियों
watson , विस्सिक , वॉटसन
augustustine , अम्रिस्रिसिया , अगस्टाइन
pataakshep , प्रिस्यार्स , पटाक्षेप
dhandhekhoree , धिलार्रांग , धंधेखोरी
ubhregaa , अब्लाबालाल , उभरेगा
anton , आन्स्यास , एंटोन
apardarshi , त्र्टिनार , अपारदर्शी
nihlaani , नालाला , निहलानी
tivolee , तोकाल , टिवोली
hogis , होल्स , होगिस
winter , विर्टिय , विंटर
badalavaakar , बुर्यानार्यां , बदलवाकर
ghumaee , गुलाला , घुमाई
petaluma , प्रानाल , पेटालुमा
beeemdablyooem , बुर्यानारी , बीएमडब्ल्यूएम
bakhshate , बास्राना , बख्शते
sanvedikaran , स्रावार्रिया , संवेदीकरण
telon , कोरी , तेलों
ghummakkadon , गुग्रानार्याक , घुमक्कड़ों
haanfte , हाल्रेस , हांफते
farheen , फोराल , फरहीन
james , जोल्स , जेम्स
kiratpur , क्रोट्ट्ट , कीरतपुर
redding , रर्मार , रेडिंग
shaq , सीएसी , शक़
surprise , स्रेट्ट्स , सरप्राइज़
kisanon , किसियास , किसानों
chalenge , चालालों , चलेंगे
yoder , एन्रोएस , योडेर
stein , स्रीएस , स्टीन
paithelojist , प्रालेंड्स , पैथेलॉजिस्ट
labeling , लुलालालाल , लेबलिंग
ikthiyosis , विस्यास्र , इक्थियोसिस
liberation , लुल्रार्या , लिबरेशन
phoodon , पोल्टोल , फूडॉन
nanhein , नियानान , नन्हें
bhadauria , बुरावाल , भदौरिया
jatilaa , बानाना , जटिला
pahunchanee , पानानानान , पहुंचनी
raashtron , रिक्टिटिया , राष्ट्रोंं
blossom , बेर्स , ब्लॉसम
tandon , तोराला , टंडन
gadbadbadee , फ्राब्लार्ल , गड़बड़बड़ी
sanasthita , स्रास्रान , संस्थिता
yatraen , निक्रिया , यात्राएं
aadan , अम्यास , आदान
javate , जिन्रा , जावते
niyuttiyon , निन्यास्रिया , नियुत्तियों
bhishm , बिनास , भीष्म
hundiya , हिनानान , हंडिया
murgeepaalan , मुर्यारालाल , मुर्गीपालन
malekar , मुल्रा , मालेकर
loveland , लुल्राला , लवलैंड
mavey , माना , मावे
vikram , विर्यार , विक्रम
hanfte , हेल्र्ट , हांफते
barrackpore , ब्र्रेट्रेल्स , बैरकपुर
ghaziabad , गुल्लाबाल , ग़ाज़ियाबाद
tarkon , त्रोलोस , तर्कों
spf , स्रीएस , एसपीएफ
artemis , रेप्ट , आर्टेमिस
aipp , एईस्सी , ऐप्प
jaiban , जिलाला , जयबाण
gairairaadatan , गुर्यार्यार्र , गैरइरादतन
vivekadhin , विर्यांक्यां , विवेकाधीन
sabajooniyar , सुल्लालार्यां , सबजूनियर
faliya , फुला , फालिया
prekshakganon , प्र्स्यार्यार्यां , प्रेक्षकगणों
purvaasiyon , प्रावावान , पुरवासियों
vipannata , विस्यार्यार , विपन्नता
maanga , मालाला , मांगा
ordanens , रेर्रा , ऑर्डनेंस
pradhan , प्रामार , प्रधान
abhiyuktonke , अम्यार्रियास , अभियुक्तोंके
viratkhand , विर्रांस्त , विराटखंड
hijbul , होल्लालों , हिजबुल
vidyaon , वावाना , विद्याओं
manju , मालाल , मंजू
chhawindra , चांद्रांग , छविंद्र
chhupkar , चिर्टाक , छुपकर
doranda , दुर्रा , डोरंडा
saym , सीएल , सायं
mithhaiyaan , मानावाना , मिठाइयाँ
jeevvigyaniyon , जानावावाचा , जीवविज्ञानियों
pashtuun , प्स्यास्र , पश्तून
brahraachaarinee , ब्रारानानार्यां , ब्रह्राचारिणी
jerusalem , बार्यारा , यरूशलेम
altamonte , अम्रिरिया , एल्टामोंटे
sihuntaa , सिवानान , सिहुंता
hemwati , हान्रान , हेमवती
koshadhikaaree , काक्रानारिया , कोषाधिकारी
ashanka , अस्याक्यास , आशंका
bean , बीएई , बीन
vaigyanikata , विमानावार , वैज्ञानिकता
jheelon , जिलाल , झीलों
robarto , रेल्रेट , रोबर्तो
shrirampur , स्रार्रेर्या , श्रीरामपुर
manchiya , मानानान , मंचीय
vasoolataa , विस्यारिया , वसूलता
morrison , मर्रार , मोरीसन
mhagranth , माल्रार्यास , महाग्रंथ
transistor , ट्र्ट्टेट्स , ट्रांजिस्टर
sarvjaatiya , स्रावावारी , सर्वजातीय
patotsav , प्रेस्टिस , पाटोत्सव
houkee , हिन्या , हाॅकी
medithsan , मुर्रास , मेडिथ्सन
udana , उदिया , उड़ाना
saraaymohiuddeenpur , स्रार्यार्रांग्स , सरायमोहिउद्दीनपुर
petersburg , प्र्ट्टेर्ट , पीटर्सबर्ग
ranjkatha , रामार्रा , रंजकता
diya , दीई , दीया
mohindar , माल्रार , माेहिंदर
mastek , मेस्स्स , मस्टेक
nirbadh , नार्राल , निर्बाध
ehsaas , एन्सी , एहसास
avrutiyon , विर्यांस , आवृत्तियों
eshiyavan , अस्यानान , एशियवन
thki , रीकी , थकी
turbine , त्रोलोलों , टरबाइन
dimaak , दालार , दिमाक
jodhpur , जार्रेर , जोधपुर
durdhara , दर्रांग , दरदरा
khaastaur , किर्साक्स , ख़ासतौर
makrani , मुक्रान , मकरानी
high , होला , हाई
fatahi , फेरा , फटही
mariya , मुकान , मारिया
ganv , गिकिया , गॉंव
pendulam , पुरालार , पेंडुलम
aavishakaar , अविस्यास्रिय , आविष्कार
natijeh , निराला , नतीजेः
jeffersonville , ब्र्रेट्रिलों , जेफरसनविल
brahmasiddhi , ब्रारानार्यां , ब्रह्मसिद्धि
tulshidas , तार्राल , तुलसीदास
reeta , रीएट , रीता
charchaamanch , चाक्यार्यार्यां , चर्चामंच
pratikaaraa , प्र्रानारिया , प्रतिकारा
tarkwaad , त्रारानार , तर्कवाद
dabangon , दुल्लारा , दबंगों
hichkicha , हिन्यास्रिय , हिचकिचा
sheershakon , सिक्रार्या , शीर्षकों
dam , डीएल , डम
dviarthee , दार्राल , द्विअर्थी
jawabah , भालालाल , जवाबः
bahumaan , बालालान , बहुमान
jaanchkarata , जान्राक्रान , जांचकर्ता
vandemaataram , विर्रानार्यां , वन्देमातरम्
should , सुल्र , शुड
agsta , एम्स्स , अगस्ता
neu , एईएएस , एनईयू
dastakhatshuda , देस्स्रार्यांस्ट , दस्तखतशुदा
surinama , स्रानाला , सूरीनाम
kingkhan , काल्रानान , किंगखान
taras , टीर्स , तरस
rekannecting , राक्रांगर , रिकनेक्टिंग
phaibrik , पुल्रेट , फाइब्रिक
clair , कोल्ट , क्लेयर
chhejat , चाल्र , छीजत
mominatolaa , मुरावाला , मोमिनटोला
virodh , वार्रा , विरोध
arena , वियास , अरेना
unionwaadi , निनानावान , यूनियनवादी
bamleshvaree , बार्यांद्र , बम्लेश्वरी
boca , बीएस , बोका
immaturity , अम्रार्रिया , इम्मैच्योरिटी
sansthaan , स्कास्यार , संसथान
jin , जीई , जीन
dadrewa , दुर्राल , ददरेवा
kide , कोरी , कीड़े
karawanou , कार्यानार , करावणौ
putin , प्रिया , पुतिन
tankaar , ताक्राल , टंकार
khatakati , कार्राक , खटकती
jadd , बोल्र , जड़
pushpa , पेस्टिय , पुष्प
gm , गोएएएस , जीएम
yusugi , यिस्याल , युसूगी
korola , कोरील , कोरोला
pyade , पोलोस , प्यादे
karavaayegee , कार्यानानाल , करवायेगी
balaatkaariyon , बारावावाची , बलात्कारियों
jatatee , बेर्यास , जताती
gurdaspur , फुर्रेस्ट , गुरदासपुर
shreshthaswaroop , स्स्र्रास्रांट्स , श्रेष्ठस्वरूप
shubhprabhaa , स्रामार्राल , शुभप्रभा
europlast , एर्ट्ट्ट , यूरोप्लास्ट
rashtrabhakton , र्र्ट्रेंगेट्ट , राष्ट्रभक्तों
canterbari , क्रेर्रेल्स , कैंटरबरी
communicators , काल्रोर्टेट , कम्युनिकेटर्स
mahamanch , महानारा , महामंच
conway , कानाना , कॉन्वे
dwf , डेरीएस , डीडब्ल्यूएफ
reeves , रीएटी , रीव्स
dabhoi , दालाल , डभोई
bhootal , बोल्रा , भूतल
insaano , अस्यान्स , इंसानो
emily , अल्या , एमिल
vigyaanam , वालानाला , विज्ञानम
sapatey , स्रेस , सपाटे
atwaal , राकान , अटवाल
hindan , हानारा , हिंडन
aaufisaree , अम्रिसिया , ऑफिसरी
montclair , माक्रेंग्स , मोंटक्लेयर
purnsveekrit , प्र्ट्रांट्ट , पुर्नस्वीकृत
richardson , रेर्टेंड , रिचर्डसन
sandrbh , स्राब्रा , संदर्भ
fargo , फोरोल , फार्गो
aleem , एलोली , अलीम
saptakranti , स्र्स्रांस्ट , सप्तक्रांति
hr , एएएएसएस , एचआर
imaandaari , अम्यार्यार , इमानदारी
kontrekting , क्र्ट्टेट्ट , कॉन्ट्रेक्टिंग
gangajal , गुलाबाला , गंगाजल
gaur , गोरी , गौर
adhikariyon , अद्यार्यांच , अधिकरियों
bandhan , बाराना , बंधान
sendha , सुवार , सेंधा
dablyoopidi , दुर्लारा , डब्ल्यूपीडी
gravita , फुरारा , ग्रविटा
lincoln , लिनारा , लिंगकन
pravrittivigyanon , प्रर्रावाक्रांच , प्रवृत्तिविज्ञानों
cementation , कार्रानान , सीमेंटेशन
bagad , बुब्ला , बगड़
gentry , गोर्टा , जेन्ट्री
datson , डेस्टोस , डैटसन
montebello , मार्राल , मोंटेबेल्लो
renewables , रार्लार , रिन्यूएबल्स
naksalwad , निस्रांगिं , नक्सलवाद
aitraz , एर्रिल , ऐतराज़
itibhagwatee , विर्रालाल , इतिभगवती
niveshkarta , निक्ट्रिंग , निवेशकर्ता
patkathayen , प्रास्यांच , पटकथाएं
kaabiletaarif , काल्लार्रिलिं , काबिलेतारीफ
bhaadas , बाल्रा , भादस
bhogte , बोल्री , भोगते
holding , हाल्राला , होल्डिंग
dhatta , डेर्ट , धत्ता
dhoron , देल्रो , धोरों
upakhyanon , तिसियानान , उपाख्यानों
fayetteville , फ्रानांड , फयेत्तेविल्ले
stockton , स्रेस्ट्ट , स्टॉकटन
brijesh , ब्रोलोल , ब्रजेश
pratigya , प्रारियां , प्रतिज्ञा
badhaati , बुरालाल , बढ़ाती
then , रीई , थेन
thomas , रेल्ट , थॉमस
dhyeywadi , दियावारी , ध्येयवादी
tuesday , तेप्यार , ट्यूजडे
wgpl , रेल्र , डब्ल्यूजीपीएल
ovum , वियाएस , ओवम
gati , गोरी , गति
nucleus , निन्रा , न्यूक्लियस
kraar , कर्री , क़रार
purooshottamaachary , प्र्रास्रांक्रियां , पुरूषोत्तमाचार्य
manchanda , मान्यार्यार , मनचंदा
lahsun , लिनास , लहसुन
naqaab , निराल , नक़ाब
suja , सुले , सूजा
mckenzie , दिस्यारा , मैकेंज़ी
purzon , परालार , पुर्जों
bahunt , बानार , बहुंत
bravo , ब्रोलो , ब्रावो
amaanat , अल्यार्या , अमानत
jhuthla , जिनारा , झुठला
bush , बेसी , बुश
chaukhate , चिराना , चौखटे
apar , एप्सीएस , अपर
asthetic , एस्स्टिलों , एस्थेटिक
kshetradwara , स्र्रार्रांग , क्षेत्रद्वारा
sajja , सोलोल , सज्जा
dhahaane , दाहाना , ढहाने
nariyalyukt , निर्यानार्या , नारियलयुक्त
jealous , जिलोल , जूलूस
kursiyo , केप्टिया , कुर्सियॉ
singhaadey , सुलाराला , सिंघाड़े
amy , एएएएएएस , एमी
antarmukh , निर्रांग , अंतर्मुख
thakkar , ताक्रास , ठक्कर
badbolepan , ब्रबाब्ल , बड़बोलेपन
naxaliyon , अश्याक्यार , नक्सलियों
manner , मान्रा , मैनर
himali , हिलाला , हिमाली
naksalavaad , निस्यार्यांड , नक्सलवाद
half , होल्क , हॉफ
mahaadharmaadhyaksha , महाद्यावार्यार्रान , महाधर्माध्यक्ष
parmoujood , प्रालार्ला , परमौजूद
tippanikar , ट्स्स्रिंग , टिप्पणीकार
perels , प्रोसी , पेरेल्स
bhapaee , बेरी , भपाई
beetaane , बिरान , बीताने
valve , वाल्या , वाल्व
dwirookta , दर्रार , द्विरुक्त
eddie , डीएबी , एड्डी
jivaniyaan , जियानावान , जीवनियां
panghal , पुलाबा , पंघाल
khand , खारा , खंडा
urvarkon , वर्रात , उर्वरकों
besin , बेसी , बेसिन
giriwasiyon , गुर्यानारी , गिरिवासियों
paradhin , प्रामार , पराधीन
pukhtaa , प्रानान , पुख़्ता
achnera , निक्यार , अछनेरा
carson , केस्ट्स , कार्सन
delta , डेल्र , डेल्टा
tripura , ट्र्टिट , त्रिपुरा
alaymani , अलालाला , अलयमनी
kheda , कोल्क , खेड़ा
nahargarh , निल्रालार , नाहरगढ
shalimar , सिलालर , शालीमार
immaichyority , अम्यार्रानिं , इम्मैच्योरिटी
elendt , अल्रेर , एलएंडटी
properphasebuk , प्र्र्ट्टेर्ट , प्रॉपरफेसबुक
udanon , अद्यार , उड़ानों
mhajan , मालाला , महाजन
moses , मेस्स , मोसेस
bataayaaki , बाराना , बतायाकि
alai , एला , अली
ilectromeetar , अम्र्ट्रेलेट्स , इलेक्ट्रोमीटर
amod , एल्बोएस , आमोद
rookenge , रेरिला , रूकेंगे
maariya , मुहाना , मारिया
raagon , रालाल , रागों
aaipief , एन्सिला , आइपीएफ
phalitartha , पुल्रार्ट , फलितार्थ
supachy , स्राना , सुपाच्य
awashist , अर्सिकिस , अवशिष्ट
ishat , एस्सिया , ईष्ट
rate , रीएटी , रेट
aata , एईएएएसएस , आटा
mahalon , मालाला , महलों
warishthon , विर्यास्रिया , वरिष्ठों
jalapot , जेल्रेस , जलपोत
katrina , कर्तिया , कैटरीना
jismafaroshee , जाक्रार्रा , जिस्मफरोशी
salary , सुलार , सैलरी
raza , राला , रज़ा
rectare , रेप्ट्ट , रैकेटियर
basil , बेसी , बेसिल
badhaataa , बुरावा , बढ़ाता
charanbaddha , चार्रार्यांग , चरणबद्घ
bhadkaya , बारावा , भड़काया
sahityotsav , सिंक्रार , साहित्योत्सव
naraseepura , निर्ट्टियास , नरसीपुरा
samjhunga , सुज्लालालाल , समझूंगा
chandrapur , चार्रेट्टिस , चंद्रपुर
sarkaa , स्राक , सरका
dhaah , दाया , ढाह
praudh , प्रालार , प्रौढ
ahitakaaree , हिन्यास्रियां , अहितकारी
darawani , दुरावाल , डरावनी
belinda , बुलारी , बेलिंडा
alayamanee , अलालाला , अलयमनी
datsun , डेस्रा , डैटसन
ate , एईएएसएस , अते
fasteners , फेस्ट्ट्ट , फास्नर्स
